rank,name,domain,registrar
1,Wal-Mart Stores,walmartstores.com,NETWORK SOLUTIONS INC.
2,Exxon Mobil,exxonmobil.com,REGISTER.COM INC.
3,General Motors,gm.com,TUCOWS INC.
4,Ford Motor,ford.com,NETWORK SOLUTIONS INC.
5,Enron,enron.com,REGISTER.COM INC.
6,General Electric,ge.com,NETWORK SOLUTIONS INC.
7,Citigroup,citigroup.com,NETWORK SOLUTIONS INC.
8,ChevronTexaco,chevron.com,REGISTER.COM INC.
9,Intl. Business Machines,ibm.com,NETWORK SOLUTIONS INC.
10,Philip Morris,philipmorris.com,REGISTER.COM INC.
11,Verizon Communications,verizon.com,NETWORK SOLUTIONS INC.
12,American International Group,aig.com,NETWORK SOLUTIONS INC.
13,American Electric Power,aep.com,NETWORK SOLUTIONS INC.
14,Duke Energy,duke-energy.com,REGISTER.COM INC.
15,AT&T,att.com,NETWORK SOLUTIONS INC.
16,Boeing,boeing.com,NETWORK SOLUTIONS INC.
17,El Paso,elpaso.com,NETWORK SOLUTIONS INC.
18,Home Depot,homedepot.com,REGISTER.COM INC.
19,Bank of America Corp.,bankofamerica.com,TUCOWS INC.
20,Fannie Mae,fanniemae.com,NETWORK SOLUTIONS INC.
21,J.P. Morgan Chase & Co.,jpmorganchase.com,NETWORK SOLUTIONS INC.
22,Kroger,kroger.com,NETWORK SOLUTIONS INC.
23,Cardinal Health,cardinal.com,NETWORK SOLUTIONS INC.
24,Merck,merck.com,NETWORK SOLUTIONS INC.
25,State Farm Insurance Cos.,statefarm.com,REGISTER.COM INC.
26,Reliant Energy,reliantenergy.com,NETWORK SOLUTIONS INC.
27,SBC Communications,sbc.com,NETWORK SOLUTIONS INC.
28,Hewlett-Packard,hp.com,NETWORK SOLUTIONS INC.
29,Morgan Stanley Dean Witter,msdw.com,NETWORK SOLUTIONS INC.
30,Dynegy,dynegy.com,NETWORK SOLUTIONS INC.
31,McKesson,mckesson.com,NETWORK SOLUTIONS INC.
32,Sears Roebuck,sears.com,REGISTER.COM INC.
33,Aquila,utilicorp.com,REGISTER.COM INC.
34,Target,target.com,NETWORK SOLUTIONS INC.
35,Procter & Gamble,pg.com,REGISTER.COM INC.
36,Merrill Lynch,ml.com,NETWORK SOLUTIONS INC.
37,AOL Time Warner,aoltimewarner.com,AMERICA ONLINE INC. DBA AOL AND/OR COMPUSERVE-AOL
38,Albertson's,albertsons.com,NETWORK SOLUTIONS INC.
39,Berkshire Hathaway,berkshirehathaway.com,NETWORK SOLUTIONS INC.
40,Kmart,bluelight.com,NETWORK SOLUTIONS INC.
41,Freddie Mac,freddiemac.com,NETWORK SOLUTIONS INC.
42,WorldCom,worldcom.com,NETWORK SOLUTIONS INC.
43,Marathon Oil,marathon.com,NETWORK SOLUTIONS INC.
44,Costco Wholesale,costco.com,NETWORK SOLUTIONS INC.
45,Safeway,safeway.com,NETWORK SOLUTIONS INC.
46,Compaq Computer,compaq.com,NETWORK SOLUTIONS INC.
47,Johnson & Johnson,jnj.com,NETWORK SOLUTIONS INC.
48,Conoco,conoco.com,REGISTER.COM INC.
49,Pfizer,pfizer.com,NETWORK SOLUTIONS INC.
50,J.C. Penney,jcpenney.net,REGISTER.COM INC.
51,MetLife,metlife.com,123 REGISTRATION INC.
52,Mirant,mirant.com,NETWORK SOLUTIONS INC.
53,Dell Computer,dell.com,NETWORK SOLUTIONS INC.
54,Goldman Sachs Group,gs.com,NETWORK SOLUTIONS INC.
55,United Parcel Service,ups.com,NETBENEFIT PLC AKA NETNAMES
56,Motorola,motorola.com,NETWORK SOLUTIONS INC.
57,Allstate,allstate.com,REGISTER.COM INC.
58,TXU,txu.com,NETWORK SOLUTIONS INC.
59,United Technologies,utc.com,NETWORK SOLUTIONS INC.
60,Dow Chemical,dow.com,NETWORK SOLUTIONS INC.
61,ConAgra,conagra.com,G.K. GROUP L.L.C.
62,Prudential Financial,prudential.com,NETWORK SOLUTIONS INC.
63,PepsiCo,pepsico.com,REGISTER.COM INC.
64,Wells Fargo,wellsfargo.com,NETWORK SOLUTIONS INC.
65,Intel,intel.com,NAMEENGINE INC.
66,International Paper,ipaper.com,NETWORK SOLUTIONS INC.
67,Delphi,delphiauto.com,REGISTER.COM INC.
68,Sprint,sprint.com,NETWORK SOLUTIONS INC.
69,New York Life Insurance,newyorklife.com,NETWORK SOLUTIONS INC.
70,E.I. du Pont de Nemours,dupont.com,NETWORK SOLUTIONS INC.
71,Georgia-Pacific,gp.com,NETWORK SOLUTIONS INC.
72,Microsoft,microsoft.com,NETWORK SOLUTIONS INC.
73,Walt Disney,disney.com,NETWORK SOLUTIONS INC.
74,Aetna,aetna.com,NETWORK SOLUTIONS INC.
75,Ingram Micro,ingrammicro.com,NETWORK SOLUTIONS INC.
76,Lucent Technologies,lucent.com,NETWORK SOLUTIONS INC.
77,Lockheed Martin,lockheedmartin.com,NETWORK SOLUTIONS INC.
78,Walgreen,walgreens.com,NETWORK SOLUTIONS INC.
79,Bank One Corp.,bankone.com,NETWORK SOLUTIONS INC.
80,TIAA-CREF,tiaa-cref.org,NETWORK SOLUTIONS INC.
81,Phillips Petroleum,phillips66.com,REGISTER.COM INC.
82,BellSouth,bellsouth.com,NETWORK SOLUTIONS INC.
83,Honeywell International,honeywell.com,NETWORK SOLUTIONS INC.
84,UnitedHealth Group,unitedhealthgroup.com,NETWORK SOLUTIONS INC.
85,Viacom,viacom.com,NAMEENGINE INC.
86,Supervalu,supervalu.com,NETWORK SOLUTIONS INC.
87,PG&E Corp.,pgecorp.com,NETWORK SOLUTIONS INC.
88,Alcoa,alcoa.com,DOMAINDISCOVER
89,American Express,americanexpress.com,NETWORK SOLUTIONS INC.
90,Wachovia Corp.,wachovia.com,CORPORATE DOMAINS INC.
91,Lehman Brothers Holdings,lehman.com,NETWORK SOLUTIONS INC.
92,Cisco Systems,cisco.com,NETWORK SOLUTIONS INC.
93,CVS,cvs.com,ALLDOMAINS.COM INC.
94,Lowe's,lowes.com,NETWORK SOLUTIONS INC.
95,Sysco,sysco.com,NETWORK SOLUTIONS INC.
96,Bristol-Myers Squibb,bms.com,NETWORK SOLUTIONS INC.
97,Electronic Data Systems,eds.com,TUCOWS INC.
98,Caterpillar,cat.com,EMARKMONITOR INC. DBA MARKMONITOR
99,Coca-Cola,coca-cola.com,REGISTER.COM INC.
100,Archer Daniels Midland,admworld.com,NETWORK SOLUTIONS INC.
101,AutoNation,autonation.com,NETWORK SOLUTIONS INC.
102,Qwest Communications,qwest.com,NETWORK SOLUTIONS INC.
103,FedEx,fedex.com,NETWORK SOLUTIONS INC.
104,Mass. Mutual Life Insurance,massmutual.com,NETWORK SOLUTIONS INC.
105,Pharmacia,pharmacia.com,REGISTER.COM INC.
106,FleetBoston Financial,fleet.com,REGISTER.COM INC.
107,Cigna,cigna.com,NETWORK SOLUTIONS INC.
108,AMR,amrcorp.com,NETWORK SOLUTIONS INC.
109,Loews,loews.com,NETWORK SOLUTIONS INC.
110,Solectron,solectron.com,NETWORK SOLUTIONS INC.
111,Johnson Controls,johnsoncontrols.com,NETWORK SOLUTIONS INC.
112,Sun Microsystems,sun.com,NETWORK SOLUTIONS INC.
113,HCA,hcahealthcare.com,REGISTER.COM INC.
114,Visteon,visteon.com,NETWORK SOLUTIONS INC.
115,Sara Lee,saralee.com,NETWORK SOLUTIONS INC.
116,Washington Mutual,wamu.com,NETWORK SOLUTIONS INC.
117,Tech Data,techdata.com,NETWORK SOLUTIONS INC.
118,Federated Department Stores,federated-fds.com,NETWORK SOLUTIONS INC.
119,Raytheon,raytheon.com,NETWORK SOLUTIONS INC.
120,Xerox,xerox.com,REGISTER.COM INC.
121,U.S. Bancorp,usbank.com,NETWORK SOLUTIONS INC.
122,TRW,trw.com,REGISTER.COM INC.
123,Abbott Laboratories,abbott.com,EMARKMONITOR INC. DBA MARKMONITOR
124,Northwestern Mutual,northwesternmutual.com,REGISTER.COM INC.
125,UAL,united.com,REGISTER.COM INC.
126,Minnesota Mining & Mfg.,3m.com,REGISTER.COM INC.
127,AmerisourceBergen,amerisourcebergen.net,REGISTER.COM INC.
128,Coca-Cola Enterprises,cokecce.com,NETWORK SOLUTIONS INC.
129,Fleming,fleming.com,NETWORK SOLUTIONS INC.
130,Emerson Electric,gotoemerson.com,NETWORK SOLUTIONS INC.
131,Best Buy,bestbuy.com,NETWORK SOLUTIONS INC.
132,Rite Aid,riteaid.com,NETWORK SOLUTIONS INC.
133,Publix Super Markets,publix.com,NETWORK SOLUTIONS INC.
134,Hartford Financial Services,thehartford.com,NETWORK SOLUTIONS INC.
135,Exelon,exeloncorp.com,NETWORK SOLUTIONS INC.
136,Nationwide,nationwide.com,NETWORK SOLUTIONS INC.
137,Xcel Energy,xcelenergy.com,NETWORK SOLUTIONS INC.
138,Valero Energy,valero.com,NETWORK SOLUTIONS INC.
139,McDonald's,mcdonalds.com,NETWORK SOLUTIONS INC.
140,Weyerhaeuser,weyerhaeuser.com,NETWORK SOLUTIONS INC.
141,Kimberly-Clark,kimberly-clark.com,REGISTER.COM INC.
142,Liberty Mutual Insurance Group,libertymutual.com,NETWORK SOLUTIONS INC.
143,May Department Stores,maycompany.com,NETWORK SOLUTIONS INC.
144,Goodyear Tire & Rubber,goodyear.com,NAMEENGINE INC.
145,Wyeth,wyeth.com,NETWORK SOLUTIONS INC.
146,Occidental Petroleum,oxy.com,NETWORK SOLUTIONS INC.
147,Household International,household.com,NETWORK SOLUTIONS INC.
148,Delta Air Lines,delta.com,NETWORK SOLUTIONS INC.
149,Gap,gap.com,NETWORK SOLUTIONS INC.
150,Lear,lear.com,NETWORK SOLUTIONS INC.
151,Northrop Grumman,northropgrumman.com,NETWORK SOLUTIONS INC.
152,Amerada Hess,hess.com,NETWORK SOLUTIONS INC.
153,Halliburton,halliburton.com,NETWORK SOLUTIONS INC.
154,Deere,deere.com,REGISTER.COM INC.
155,Eastman Kodak,kodak.com,NETWORK SOLUTIONS INC.
156,CMS Energy,cmsenergy.com,REGISTER.COM INC.
157,Circuit City Stores,circuitcity.com,NETWORK SOLUTIONS INC.
158,Cinergy,cinergy.com,NETWORK SOLUTIONS INC.
159,Anheuser-Busch,anheuser-busch.com,NETWORK SOLUTIONS INC.
160,Winn-Dixie Stores,winn-dixie.com,NETWORK SOLUTIONS INC.
161,Avnet,avnet.com,NETWORK SOLUTIONS INC.
162,WellPoint Health Networks,wellpoint.com,NETWORK SOLUTIONS INC.
163,Sunoco,sunocoinc.com,NETWORK SOLUTIONS INC.
164,Textron,textron.com,NETWORK SOLUTIONS INC.
165,Edison International,edison.com,NETWORK SOLUTIONS INC.
166,General Dynamics,gd.com,NETWORK SOLUTIONS INC.
167,Tenet Healthcare,tenethealth.com,NETWORK SOLUTIONS INC.
168,Union Pacific,up.com,NETWORK SOLUTIONS INC.
169,PacifiCare Health Systems,pacificare.com,NETWORK SOLUTIONS INC.
170,Farmland Industries,farmland.com,NETWORK SOLUTIONS INC.
171,Eli Lilly,lilly.com,NETWORK SOLUTIONS INC.
172,Waste Management,wm.com,NETWORK SOLUTIONS INC.
173,Office Depot,officedepot.com,NETWORK SOLUTIONS INC.
174,Williams,williams.com,NETWORK SOLUTIONS INC.
175,Toys `R` Us,toysrus.com,NETWORK SOLUTIONS INC.
176,Oracle,oracle.com,TUCOWS INC.
177,Tyson Foods,tyson.com,NETWORK SOLUTIONS INC.
178,Staples,staples.com,REGISTER.COM INC.
179,TJX,tjx.com,NETWORK SOLUTIONS INC.
180,Dominion Resources,dom.com,NETWORK SOLUTIONS INC.
181,Computer Sciences,csc.com,NETWORK SOLUTIONS INC.
182,Manpower,manpower.com,REGISTER.COM INC.
183,Dana,dana.com,NETWORK SOLUTIONS INC.
184,Anthem,anthem.com,NETWORK SOLUTIONS INC.
185,Allegheny Energy,alleghenyenergy.com,NETWORK SOLUTIONS INC.
186,Whirlpool,whirlpoolcorp.com,NETWORK SOLUTIONS INC.
187,Humana,humana.com,NETWORK SOLUTIONS INC.
188,Southern,southernco.com,NETWORK SOLUTIONS INC.
189,Marriott International,marriott.com,NETWORK SOLUTIONS INC.
190,MBNA,mbna.com,REGISTER.COM INC.
191,Arrow Electronics,arrow.com,NETWORK SOLUTIONS INC.
192,Health Net,health.net,REGISTER.COM INC.
193,Marsh & McLennan,mmc.com,NETWORK SOLUTIONS INC.
194,Northwest Airlines,nwa.com,NETWORK SOLUTIONS INC.
195,Public Service Enterprise Group,pseg.com,NETWORK SOLUTIONS INC.
196,Schering-Plough,schering-plough.com,NETWORK SOLUTIONS INC.
197,Illinois Tool Works,itw.com,NETWORK SOLUTIONS INC.
198,Comcast,comcast.com,NETWORK SOLUTIONS INC.
199,Consolidated Edison,conedison.com,NETWORK SOLUTIONS INC.
200,Entergy,entergy.com,NETWORK SOLUTIONS INC.
201,AES,aesc.com,NETWORK SOLUTIONS INC.
202,AFLAC,aflac.com,NETWORK SOLUTIONS INC.
203,NiSource,nisource.com,NETWORK SOLUTIONS INC.
204,Nike,nike.com,NETWORK SOLUTIONS INC.
205,UnumProvident,unum.com,REGISTER.COM INC.
206,H.J. Heinz,heinz.com,REGISTER.COM INC.
207,Colgate-Palmolive,colgate.com,NAMEENGINE INC.
208,Limited,limited.com,NETWORK SOLUTIONS INC.
209,John Hancock Financial Services,jhancock.com,NETWORK SOLUTIONS INC.
210,Express Scripts,express-scripts.com,1 ENAMECO.
211,Burlington Northern Santa Fe,bnsf.com,NETWORK SOLUTIONS INC.
212,Agilent Technologies,agilent.com,NETWORK SOLUTIONS INC.
213,National City Corp.,nationalcity.com,NETWORK SOLUTIONS INC.
214,Fluor,fluor.com,NETWORK SOLUTIONS INC.
215,United Services Automobile Assn.,usaa.com,NETWORK SOLUTIONS INC.
216,Continental Airlines,continental.com,NETWORK SOLUTIONS INC.
217,Cendant,cendant.com,NETWORK SOLUTIONS INC.
218,St. Paul Cos.,stpaul.com,NETWORK SOLUTIONS INC.
219,Guardian Life Ins. Co. of America,glic.com,NETWORK SOLUTIONS INC.
220,Kellogg,kelloggs.com,REGISTER.COM INC.
221,Principal Financial,principal.com,NETWORK SOLUTIONS INC.
222,SCI Systems,sci.com,NETWORK SOLUTIONS INC.
223,Bear Stearns,bearstearns.com,NETWORK SOLUTIONS INC.
224,R.J. Reynolds Tobacco,rjrt.com,NETWORK SOLUTIONS INC.
225,Ashland,ashland.com,NETWORK SOLUTIONS INC.
226,FPL Group,fplgroup.com,NETWORK SOLUTIONS INC.
227,Progress Energy,progress-energy.com,BULKREGISTER.COM INC.
228,Pepsi Bottling,pbg.com,NETWORK SOLUTIONS INC.
229,SunTrust Banks,suntrust.com,NETWORK SOLUTIONS INC.
230,Dillard's,dillards.com,REGISTER.COM INC.
231,Smurfit-Stone Container,smurfit-stone.net,NETWORK SOLUTIONS INC.
232,Anadarko Petroleum,anadarko.com,NETWORK SOLUTIONS INC.
233,Masco,masco.com,NETWORK SOLUTIONS INC.
234,US Airways Group,usairways.com,NETWORK SOLUTIONS INC.
235,Genuine Parts,genpt.com,NETWORK SOLUTIONS INC.
236,Texas Instruments,ti.com,NETWORK SOLUTIONS INC.
237,PPG Industries,ppg.com,NETWORK SOLUTIONS INC.
238,CSX,csx.com,NETWORK SOLUTIONS INC.
239,Conseco,conseco.com,NETWORK SOLUTIONS INC.
240,Gillette,gillette.com,NETWORK SOLUTIONS INC.
241,Sempra Energy,sempra.com,NETWORK SOLUTIONS INC.
242,FirstEnergy,firstenergycorp.com,NETWORK SOLUTIONS INC.
243,Clear Channel Communications,clearchannel.com,ALLDOMAINS.COM INC.
244,Cenex Harvest States,chsco-ops.com,NETWORK SOLUTIONS INC.
245,DTE Energy,dteenergy.com,NETWORK SOLUTIONS INC.
246,Aramark,aramark.com,NETWORK SOLUTIONS INC.
247,Aon,aon.com,NETWORK SOLUTIONS INC.
248,Baxter International,baxter.com,NETWORK SOLUTIONS INC.
249,Chubb,chubb.com,NETWORK SOLUTIONS INC.
250,Alltel,alltel.com,NETWORK SOLUTIONS INC.
251,Calpine,calpine.com,NETWORK SOLUTIONS INC.
252,Nextel Communications,nextel.com,NETWORK SOLUTIONS INC.
253,Kohl's,kohls.com,NETWORK SOLUTIONS INC.
254,Progressive,progressive.com,NETWORK SOLUTIONS INC.
255,American Standard,americanstandard.com,NETWORK SOLUTIONS INC.
256,Boise Cascade,bc.com,NETWORK SOLUTIONS INC.
257,KeyCorp,keybank.com,NETWORK SOLUTIONS INC.
258,Applied Materials,appliedmaterials.com,NETWORK SOLUTIONS INC.
259,Eaton,eaton.com,NETWORK SOLUTIONS INC.
260,Capital One Financial,capitalone.com,NETWORK SOLUTIONS INC.
261,Bank of New York Co.,bankofny.com,NETWORK SOLUTIONS INC.
262,Crown Cork & Seal,crowncork.com,NETWORK SOLUTIONS INC.
263,EMC,emc.com,NETWORK SOLUTIONS INC.
264,General Mills,generalmills.com,NETWORK SOLUTIONS INC.
265,AdvancePCS,advparadigm.com,NETWORK SOLUTIONS INC.
266,Automatic Data Processing,adp.com,NETWORK SOLUTIONS INC.
267,Safeco,safeco.com,NETWORK SOLUTIONS INC.
268,Tricon Global Restaurants,triconglobal.com,NETWORK SOLUTIONS INC.
269,PNC Financial Services Group,pnc.com,NETWORK SOLUTIONS INC.
270,Newell Rubbermaid,newellco.com,REGISTER.COM INC.
271,KeySpan,keyspanenergy.com,NETWORK SOLUTIONS INC.
272,Omnicom Group,omnicomgroup.com,NETWORK SOLUTIONS INC.
273,Northeast Utilities,nu.com,NETWORK SOLUTIONS INC.
274,Plains All American Pipeline,paalp.com,NETWORK SOLUTIONS INC.
275,ArvinMeritor,arvinmeritor.com,NETWORK SOLUTIONS INC.
276,Oneok,oneok.com,NETWORK SOLUTIONS INC.
277,Avaya,avaya.com,REGISTER.COM INC.
278,Unocal,unocal.com,NETWORK SOLUTIONS INC.
279,Interpublic Group,interpublic.com,REGISTER.COM INC.
280,Navistar International,navistar.com,NETWORK SOLUTIONS INC.
281,Centex,centex.com,TUCOWS INC.
282,Campbell Soup,campbellsoup.com,REGISTER.COM INC.
283,Fifth Third Bancorp,53.com,NETWORK SOLUTIONS INC.
284,First Data,firstdata.com,REGISTER.COM INC.
285,Premcor,premcor.com,NETWORK SOLUTIONS INC.
286,Lincoln National,lfg.com,NETWORK SOLUTIONS INC.
287,Gannett,gannett.com,NETWORK SOLUTIONS INC.
288,Sonic Automotive,sonicautomotive.com,NETWORK SOLUTIONS INC.
289,Corning,corning.com,NETWORK SOLUTIONS INC.
290,Dean Foods,deanfoods.com,NETWORK SOLUTIONS INC.
291,BB&T Corp.,bbandt.com,NETWORK SOLUTIONS INC.
292,United Auto Group,unitedauto.com,NETWORK SOLUTIONS INC.
293,Norfolk Southern,nscorp.com,NETWORK SOLUTIONS INC.
294,Science Applications Intl.,saic.com,NETWORK SOLUTIONS INC.
295,Paccar,paccar.com,NETWORK SOLUTIONS INC.
296,Gateway,gateway.com,NETWORK SOLUTIONS INC.
297,Saks,saksincorporated.com,NETWORK SOLUTIONS INC.
298,Lennar,lennar.com,NETWORK SOLUTIONS INC.
299,Avista,avistacorp.com,NETWORK SOLUTIONS INC.
300,Unisys,unisys.com,NETWORK SOLUTIONS INC.
301,Owens-Illinois,o-i.com,NETWORK SOLUTIONS INC.
302,Avon Products,avon.com,NETWORK SOLUTIONS INC.
303,Parker Hannifin,parker.com,NETWORK SOLUTIONS INC.
304,NCR,ncr.com,NETWORK SOLUTIONS INC.
305,Smithfield Foods,smithfieldfoods.com,NETWORK SOLUTIONS INC.
306,Rohm & Haas,rohmhaas.com,REGISTER.COM INC.
307,Conectiv,conectiv.com,NETWORK SOLUTIONS INC.
308,ServiceMaster,svm.com,NETWORK SOLUTIONS INC.
309,PPL,pplweb.com,NETWORK SOLUTIONS INC.
310,Air Products & Chemicals,airproducts.com,REGISTER.COM INC.
311,Cummins,cummins.com,NETWORK SOLUTIONS INC.
312,Idacorp,idacorpinc.com,NETWORK SOLUTIONS INC.
313,State Street Corp.,statestreet.com,ALLDOMAINS.COM INC.
314,Nordstrom,nordstrom.com,EMARKMONITOR INC. DBA MARKMONITOR
315,Caremark Rx,caremarkrx.com,NETWORK SOLUTIONS INC.
316,Allied Waste Industries,alliedwaste.com,NETWORK SOLUTIONS INC.
317,Southwest Airlines,southwest.com,BULKREGISTER.COM INC.
318,Medtronic,medtronic.com,NETWORK SOLUTIONS INC.
319,Providian Financial,providian.com,NETWORK SOLUTIONS INC.
320,VF,vfc.com,REGISTER.COM INC.
321,Federal-Mogul,federal-mogul.com,NETWORK SOLUTIONS INC.
322,Eastman Chemical,eastman.com,CORPORATE DOMAINS INC.
323,Baker Hughes,bakerhughes.com,NETWORK SOLUTIONS INC.
324,Pulte Homes,pulte.com,NETWORK SOLUTIONS INC.
325,Apple Computer,apple.com,NETWORK SOLUTIONS INC.
326,Dollar General,dollargeneral.com,NETWORK SOLUTIONS INC.
327,Fortune Brands,fortunebrands.com,NETWORK SOLUTIONS INC.
328,R.R. Donnelley & Sons,rrdonnelley.com,NETWORK SOLUTIONS INC.
329,USA Networks,usanetwork.com,NETWORK SOLUTIONS INC.
330,Charles Schwab,schwab.com,NETWORK SOLUTIONS INC.
331,BJ's Wholesale Club,bjs.com,NETWORK SOLUTIONS INC.
332,Ikon Office Solutions,ikon.com,NETWORK SOLUTIONS INC.
333,Tribune,tribune.com,NETWORK SOLUTIONS INC.
334,TransMontaigne,transmontaigne.com,NETWORK SOLUTIONS INC.
335,Tesoro Petroleum,tesoropetroleum.com,NETWORK SOLUTIONS INC.
336,Praxair,praxair.com,REGISTER.COM INC.
337,American Family Ins. Group,amfam.com,NETWORK SOLUTIONS INC.
338,Engelhard,engelhard.com,NETWORK SOLUTIONS INC.
339,Sherwin-Williams,sherwin.com,EMARKMONITOR INC. DBA MARKMONITOR
340,Goodrich,bfgoodrich.com,NETWORK SOLUTIONS INC.
341,Ryder System,ryder.com,NETWORK SOLUTIONS INC.
342,CNF,cnf.com,NETWORK SOLUTIONS INC.
343,Barnes & Noble,barnesandnoble.com,NETWORK SOLUTIONS INC.
344,Graybar Electric,graybar.com,NETWORK SOLUTIONS INC.
345,Countrywide Credit Industries,countrywide.com,NETWORK SOLUTIONS INC.
346,AutoZone,autozone.com,NETWORK SOLUTIONS INC.
347,Mattel,mattel.com,NETWORK SOLUTIONS INC.
348,RadioShack,radioshackcorporation.com,NETWORK SOLUTIONS INC.
349,Owens Corning,owenscorning.com,NETWORK SOLUTIONS INC.
350,W.W. Grainger,grainger.com,NETWORK SOLUTIONS INC.
351,Adams Resources & Energy,
352,Pitney Bowes,pitneybowes.com,NAMEENGINE INC.
353,Dole Food,dole.com,NETWORK SOLUTIONS INC.
354,ITT Industries,itt.com,NETWORK SOLUTIONS INC.
355,KB Home,kbhome.com,NETWORK SOLUTIONS INC.
356,McGraw-Hill,mcgraw-hill.com,NETWORK SOLUTIONS INC.
357,OfficeMax,officemax.com,NETWORK SOLUTIONS INC.
358,Park Place Entertainment,parkplace.com,NETWORK SOLUTIONS INC.
359,Sierra Pacific Resources,sierrapacific.com,TUCOWS INC.
360,Estee Lauder,elcompanies.com,REGISTER.COM INC.
361,Maytag,maytagcorp.com,NETWORK SOLUTIONS INC.
362,Hershey Foods,hersheys.com,NETWORK SOLUTIONS INC.
363,Pinnacle West Capital,pinnaclewest.com,REGISTER.COM INC.
364,Dover,dovercorporation.com,NETWORK SOLUTIONS INC.
365,Micron Technology,micron.com,REGISTER.COM INC.
366,Ameren,ameren.com,REGISTER.COM INC.
367,Murphy Oil,murphyoilcorp.com,NETWORK SOLUTIONS INC.
368,D.R. Horton,drhorton.com,NETWORK SOLUTIONS INC.
369,Willamette Industries,weyerhaeuser.com,NETWORK SOLUTIONS INC.
370,Quantum,quantum.com,NETWORK SOLUTIONS INC.
371,Golden West Financial,worldsavings.com,NETWORK SOLUTIONS INC.
372,Oxford Health Plans,oxfordhealth.com,NETWORK SOLUTIONS INC.
373,Cablevision Systems,cablevision.com,NETWORK SOLUTIONS INC.
374,Healthsouth,healthsouth.com,NETWORK SOLUTIONS INC.
375,Foot Locker,footlocker-inc.com,REGISTER.COM INC.
376,Administaff,administaff.com,NETWORK SOLUTIONS INC.
377,Black & Decker,bdk.com,NETWORK SOLUTIONS INC.
378,Jabil Circuit,jabil.com,ALLDOMAINS.COM INC.
379,Mutual of Omaha Insurance,mutualofomaha.com,NETWORK SOLUTIONS INC.
380,Rockwell Automation,rockwell.com,NETWORK SOLUTIONS INC.
381,Golden State Bancorp,goldenstate.com,NETWORK SOLUTIONS INC.
382,Longs Drug Stores,longs.com,NETWORK SOLUTIONS INC.
383,Levi Strauss,levistrauss.com,REGISTER.COM INC.
384,Kelly Services,kellyservices.com,ALLDOMAINS.COM INC.
385,NorthWestern,northwestern.com,NETWORK SOLUTIONS INC.
386,Cooper Industries,cooperindustries.com,NETWORK SOLUTIONS INC.
387,Computer Associates Intl.,ca.com,NETWORK SOLUTIONS INC.
388,Comerica,comerica.com,NETWORK SOLUTIONS INC.
389,Temple-Inland,temple-inland.com,NETWORK SOLUTIONS INC.
390,Lexmark International,lexmark.com,NETWORK SOLUTIONS INC.
391,Nucor,nucor.com,NETWORK SOLUTIONS INC.
392,Hormel Foods,hormel.com,NETWORK SOLUTIONS INC.
393,SPX,spx.com,BULKREGISTER.COM INC.
394,Leggett & Platt,leggett.com,NETWORK SOLUTIONS INC.
395,Nash Finch,nashfinch.com,NETWORK SOLUTIONS INC.
396,Jones Apparel Group,jny.com,NETWORK SOLUTIONS INC.
397,Cox Communications,cox.com,REGISTER.COM INC.
398,Mellon Financial Corp.,mellon.com,NETWORK SOLUTIONS INC.
399,Sanmina-SCI,sanmina.com,NETWORK SOLUTIONS INC.
400,Regions Financial,regions.com,NETWORK SOLUTIONS INC.
401,Darden Restaurants,darden.com,ALLDOMAINS.COM INC.
402,Pathmark Stores,pathmark.com,NETWORK SOLUTIONS INC.
403,Amgen,amgen.com,ALLDOMAINS.COM INC.
404,MGM Mirage,mgmmirage.com,BULKREGISTER.COM INC.
405,Pittston,pittston.com,NETWORK SOLUTIONS INC.
406,Phelps Dodge,phelpsdodge.com,NETWORK SOLUTIONS INC.
407,Echostar Communications,dishnetwork.com,NETWORK SOLUTIONS INC.
408,Group 1 Automotive,group1auto.com,ALLDOMAINS.COM INC.
409,AK Steel Holding,aksteel.com,NETWORK SOLUTIONS INC.
410,Autoliv,autoliv.com,NETWORK SOLUTIONS INC.
411,MeadWestvaco,meadwestvaco.com,NETWORK SOLUTIONS INC.
412,Encompass Services,encompserv.com,NETWORK SOLUTIONS INC.
413,Starwood Hotels & Resorts,starwood.com,NETWORK SOLUTIONS INC.
414,CDW Computer Centers,cdw.com,NETWORK SOLUTIONS INC.
415,Jacobs Engineering Group,jacobs.com,NETWORK SOLUTIONS INC.
416,LTV,ltvsteel.com,NETWORK SOLUTIONS INC.
417,Charter Communications,chartercom.com,NETWORK SOLUTIONS INC.
418,American Financial Group,amfnl.com,NETWORK SOLUTIONS INC.
419,York International,york.com,NETWORK SOLUTIONS INC.
420,Wisconsin Energy,wisenergy.com,NETWORK SOLUTIONS INC.
421,Constellation Energy,constellationenergy.com,NETWORK SOLUTIONS INC.
422,United Stationers,unitedstationers.com,NETWORK SOLUTIONS INC.
423,Clorox,clorox.com,NETWORK SOLUTIONS INC.
424,Advanced Micro Devices,amd.com,ALLDOMAINS.COM INC.
425,Steelcase,steelcase.com,NETWORK SOLUTIONS INC.
426,Fidelity National Financial,fnf.com,NETWORK SOLUTIONS INC.
427,Peter Kiewit Sons',kiewit.com,NETWORK SOLUTIONS INC.
428,FMC,fmc.com,NETWORK SOLUTIONS INC.
429,Owens & Minor,owens-minor.com,NETWORK SOLUTIONS INC.
430,Avery Dennison,averydennison.com,NETWORK SOLUTIONS INC.
431,Maxtor,maxtor.com,DOMAINDISCOVER
432,Danaher,danaher.com,NETWORK SOLUTIONS INC.
433,Energy East,energyeast.com,NETWORK SOLUTIONS INC.
434,NTL,ntl.com,NETWORK SOLUTIONS INC.
435,Becton Dickinson,bd.com,NETWORK SOLUTIONS INC.
436,Host Marriott,hostmarriott.com,NETWORK SOLUTIONS INC.
437,First American Corp.,firstam.com,ENOM INC.
438,SouthTrust Corp.,southtrust.com,REGISTER.COM INC.
439,Pacific LifeCorp,pacificlife.com,REGISTER.COM INC.
440,Harrah's Entertainment,harrahs.com,NETWORK SOLUTIONS INC.
441,Ball,ball.com,NETWORK SOLUTIONS INC.
442,Brunswick,brunswick.com,NETWORK SOLUTIONS INC.
443,Family Dollar Stores,familydollar.com,NETWORK SOLUTIONS INC.
444,Wesco International,wescodist.com,NETWORK SOLUTIONS INC.
445,Ames Department Stores,amesstores.com,NETWORK SOLUTIONS INC.
446,Kerr-McGee,Kerr-McGee.com,NETWORK SOLUTIONS INC.
447,Quest Diagnostics,questdiagnostics.com,NETWORK SOLUTIONS INC.
448,Smith International,smith.com,NETWORK SOLUTIONS INC.
449,Spartan Stores,spartanstores.com,NETWORK SOLUTIONS INC.
450,USA Education,salliemae.com,NETWORK SOLUTIONS INC.
451,Interstate Bakeries,irin.com,NETWORK SOLUTIONS INC.
452,Roundy's,roundys.com,NETWORK SOLUTIONS INC.
453,Scana,scana.com,NETWORK SOLUTIONS INC.
454,Liz Claiborne,lizclaiborne.com,NETWORK SOLUTIONS INC.
455,Mohawk Industries,mohawkind.com,DOMAINPEOPLE INC.
456,Adelphia Communications,adelphia.net,NETWORK SOLUTIONS INC.
457,Big Lots,biglots.com,NETWORK SOLUTIONS INC.
458,Core-Mark International,coremark.com,NETWORK SOLUTIONS INC.
459,Emcor Group,emcorgroup.com,NETWORK SOLUTIONS INC.
460,Foster Wheeler,fwc.com,NETWORK SOLUTIONS INC.
461,Borders Group,bordersgroupinc.com,NETWORK SOLUTIONS INC.
462,Shopko Stores,shopko.com,NETWORK SOLUTIONS INC.
463,AmSouth Bancorp.,amsouth.com,NETWORK SOLUTIONS INC.
464,Puget Energy,pse.com,NETWORK SOLUTIONS INC.
465,Tenneco Automotive,tenneco-automotive.com,NETWORK SOLUTIONS INC.
466,Harley-Davidson,harley-davidson.com,REGISTER.COM INC.
467,Western Gas Resources,westerngas.com,NETWORK SOLUTIONS INC.
468,Bethlehem Steel,bethsteel.com,NETWORK SOLUTIONS INC.
469,Jefferson-Pilot,jpfinancial.com,NETWORK SOLUTIONS INC.
470,Burlington Resources,br-inc.com,NETWORK SOLUTIONS INC.
471,Allmerica Financial,allmerica.com,NETWORK SOLUTIONS INC.
472,USG,usg.com,NETWORK SOLUTIONS INC.
473,Yellow,yellowcorp.com,NETWORK SOLUTIONS INC.
474,Northern Trust Corp.,northerntrust.com,NETWORK SOLUTIONS INC.
475,Aid Association for Lutherans,aal.org,NETWORK SOLUTIONS INC.
476,Performance Food Group,pfgc.com,NETWORK SOLUTIONS INC.
477,JDS Uniphase,jdsuniphase.com,NETWORK SOLUTIONS INC.
478,Lyondell Chemical,lyondell.com,NETWORK SOLUTIONS INC.
479,Airborne,airborne.com,NETWORK SOLUTIONS INC.
480,Comdisco,comdisco.com,NETWORK SOLUTIONS INC.
481,NSTAR,nstaronline.com,NETWORK SOLUTIONS INC.
482,OGE Energy,oge.com,NETWORK SOLUTIONS INC.
483,Staff Leasing,gevityhr.com,NETWORK SOLUTIONS INC.
484,Enterprise Products,epplp.com,NETWORK SOLUTIONS INC.
485,PepsiAmericas,pepsiamericas.com,NETWORK SOLUTIONS INC.
486,Cooper Tire & Rubber,coopertire.com,NETWORK SOLUTIONS INC.
487,Coventry Health Care,coventryhealth.com,NETWORK SOLUTIONS INC.
488,Anixter International,anixter.com,NETWORK SOLUTIONS INC.
489,Union Planters Corp.,unionplanters.com,NETWORK SOLUTIONS INC.
490,Armstrong Holdings,armstrong.com,NETWORK SOLUTIONS INC.
491,Equity Office Properties,equityoffice.com,NETWORK SOLUTIONS INC.
492,Amazon.Com,amazon.com,NETWORK SOLUTIONS INC.
493,Lennox International,lennoxinternational.com,NETWORK SOLUTIONS INC.
494,American Axle & Mfg.,aam.com,NETWORK SOLUTIONS INC.
495,C.H. Robinson Worldwide,chrobinson.com,NETWORK SOLUTIONS INC.
496,Kindred Healthcare,kindredhealthcare.com,NETWORK SOLUTIONS INC.
497,Devon Energy,devonenergy.com,NETWORK SOLUTIONS INC.
498,Sealed Air,sealedair.com,DOMAINDISCOVER
499,Hilton Hotels,hilton.com,NETWORK SOLUTIONS INC.
500,New York Times,nytco.com,NETWORK SOLUTIONS INC.
501,Hughes Supply,hughessupply.com,NETWORK SOLUTIONS INC.
502,Vulcan Materials,vulcanmaterials.com,NETWORK SOLUTIONS INC.
503,Universal,universalcorp.com,NETWORK SOLUTIONS INC.
504,Auto-Owners Insurance,auto-owners.com,NETWORK SOLUTIONS INC.
505,Neiman Marcus,neimanmarcus.com,NETWORK SOLUTIONS INC.
506,3Com,3com.com,NETWORK SOLUTIONS INC.
507,H&R Block,hrblock.com,NETWORK SOLUTIONS INC.
508,Reebok International,reebok.com,NETWORK SOLUTIONS INC.
509,Ross Stores,rossstores.com,NETWORK SOLUTIONS INC.
510,Trigon Healthcare,trigon.com,ALLDOMAINS.COM INC.
511,Unified Western Grocers,uwgrocers.com,NAMEENGINE INC.
512,Payless Shoesource,paylessshoesource.com,REGISTER.COM INC.
513,TruServ,truserv.com,REGISTER.COM INC.
514,Pioneer-Standard Electronics,pios.com,REGISTER.COM INC.
515,Knight-Ridder,kri.com,NETWORK SOLUTIONS INC.
516,Ace Hardware,acehardware.com,NETWORK SOLUTIONS INC.
517,United Rentals,unitedrentals.com,NETWORK SOLUTIONS INC.
518,Fisher Scientific International,fisherscientific.com,NETWORK SOLUTIONS INC.
519,Hasbro,hasbro.com,NETWORK SOLUTIONS INC.
520,KPMG Consulting,kpmgconsulting.com,NETWORK SOLUTIONS INC.
521,Charter One Financial,charterone.com,NETWORK SOLUTIONS INC.
522,Thermo Electron,thermo.com,NETWORK SOLUTIONS INC.
523,Universal Health Services,uhsinc.com,NETWORK SOLUTIONS INC.
524,A.G. Edwards,agedwards.com,NETWORK SOLUTIONS INC.
525,Transocean Sedco Forex,deepwater.com,NETWORK SOLUTIONS INC.
526,Rockwell Collins,rockwellcollins.com,ALLDOMAINS.COM INC.
527,Solutia,solutia.com,NETWORK SOLUTIONS INC.
528,Pactiv,pactiv.com,NETWORK SOLUTIONS INC.
529,Wackenhut,wackenhut.com,NETWORK SOLUTIONS INC.
530,Pentair,pentair.com,TUCOWS INC.
531,Roadway,roadway.com,NETWORK SOLUTIONS INC.
532,Alliant Energy,alliant-energy.com,BULKREGISTER.COM INC.
533,Apache,apachecorp.com,NETWORK SOLUTIONS INC.
534,Ruddick,ruddickcorp.com,NETWORK SOLUTIONS INC.
535,Ryland Group,ryland.com,NETWORK SOLUTIONS INC.
536,Crompton,cromptoncorp.com,REGISTER.COM INC.
537,Lutheran Brotherhood,aal.org,NETWORK SOLUTIONS INC.
538,IMC Global,imcglobal.com,NETWORK SOLUTIONS INC.
539,Spherion,spherion.com,NETWORK SOLUTIONS INC.
540,Beverly Enterprises,beverlynet.com,ALLDOMAINS.COM INC.
541,Marshall & Ilsley Corp.,micorp.com,NETWORK SOLUTIONS INC.
542,Guidant,guidant.com,REGISTER.COM INC.
543,Torchmark,torchmarkcorp.com,NETWORK SOLUTIONS INC.
544,Manor Care,hcr-manorcare.com,NETWORK SOLUTIONS INC.
545,Qualcomm,qualcomm.com,NETWORK SOLUTIONS INC.
546,WPS Resources,wpsr.com,NETWORK SOLUTIONS INC.
547,Boston Scientific,bsci.com,BULKREGISTER.COM INC.
548,Triad Hospitals,triadhospitals.com,INTERCOSMOS MEDIA GROUPINC
549,PolyOne,polyone.com,REGISTER.COM INC.
550,Starbucks,starbucks.com,NETWORK SOLUTIONS INC.
551,TECO Energy,tecoenergy.com,BULKREGISTER.COM INC.
552,Sovereign Bancorp,sovereignbank.com,NETWORK SOLUTIONS INC.
553,Pantry,thepantry.com,NETWORK SOLUTIONS INC.
554,Nacco Industries,nacco.com,NETWORK SOLUTIONS INC.
555,Stanley Works,stanleyworks.com,NETWORK SOLUTIONS INC.
556,NVR,nvrinc.com,NETWORK SOLUTIONS INC.
557,Hercules,herc.com,NETWORK SOLUTIONS INC.
558,Sonoco Products,sonoco.com,NETWORK SOLUTIONS INC.
559,Stryker,strykercorp.com,NETWORK SOLUTIONS INC.
560,Telephone & Data Systems,teldta.com,NETWORK SOLUTIONS INC.
561,Earthgrains,saralee.com,NETWORK SOLUTIONS INC.
562,M & T Bank Corp.,mandtbank.com,NETWORK SOLUTIONS INC.
563,Stater Bros. Holdings,staterbros.com,ENOM INC.
564,Citizens Communications,czn.com,NETWORK SOLUTIONS INC.
565,Genesis Health Ventures,ghv.com,NETWORK SOLUTIONS INC.
566,Popular,bppr.com,NETWORK SOLUTIONS INC.
567,Cincinnati Financial,cinfin.com,NETWORK SOLUTIONS INC.
568,Henry Schein,henryschein.com,NETWORK SOLUTIONS INC.
569,National Service Industries,nationalservice.com,NETWORK SOLUTIONS INC.
570,Nicor,nicor.com,NETWORK SOLUTIONS INC.
571,AGCO,agcocorp.com,NETWORK SOLUTIONS INC.
572,Unitrin,unitrin.com,NETWORK SOLUTIONS INC.
573,Fleetwood Enterprises,fleetwood.com,NETWORK SOLUTIONS INC.
574,Michaels Stores,michaels.com,NETWORK SOLUTIONS INC.
575,International Multifoods,multifoods.com,NETWORK SOLUTIONS INC.
576,American Greetings,americangreetings.com,NETWORK SOLUTIONS INC.
577,Reader's Digest Association,rd.com,REGISTER.COM INC.
578,Advance Auto Parts,advance-auto.com,NETWORK SOLUTIONS INC.
579,Scientific-Atlanta,scientificatlanta.com,NETWORK SOLUTIONS INC.
580,Service Corp. International,sci-corp.com,NETWORK SOLUTIONS INC.
581,Potomac Electric Power,pepco.com,NETWORK SOLUTIONS INC.
582,PetsMart,petsmart.com,NETWORK SOLUTIONS INC.
583,Alberto-Culver,alberto.com,NETWORK SOLUTIONS INC.
584,Penn Traffic,penntraffic.com,NETWORK SOLUTIONS INC.
585,Dura Automotive Systems,duraauto.com,NETWORK SOLUTIONS INC.
586,Brinker International,brinker.com,CORPORATE DOMAINS INC.
587,Sabre Holdings,sabre.com,NETWORK SOLUTIONS INC.
588,UGI,ugicorp.com,NETWORK SOLUTIONS INC.
589,Tower Automotive,towerautomotive.com,NETWORK SOLUTIONS INC.
590,Mandalay Resort Group,mandalayresortgroup.com,ALLDOMAINS.COM INC.
591,Footstar,footstar.com,GO DADDY SOFTWARE INC.
592,USFreightways,usfreightways.com,NETWORK SOLUTIONS INC.
593,First Tennessee National Corp.,firsttennessee.com,REGISTER.COM INC.
594,U.S. Industries,
595,Robert Half International,rhi.com,REGISTER.COM INC.
596,Bowater,bowater.com,NETWORK SOLUTIONS INC.
597,Huntington Bancshares,huntington.com,NETWORK SOLUTIONS INC.
598,Timken,timken.com,NETWORK SOLUTIONS INC.
599,Commercial Metals,commercialmetals.com,NETWORK SOLUTIONS INC.
600,CellStar,cellstar.com,NETWORK SOLUTIONS INC.
601,Exide Technologies,exideworld.com,NETWORK SOLUTIONS INC.
602,Wm. Wrigley Jr.,wrigley.com,INTERACCESS CO.
603,Adolph Coors,coors.com,NETWORK SOLUTIONS INC.
604,Burlington Coat Factory,coat.com,NETWORK SOLUTIONS INC.
605,Phoenix Companies,phoenixwm.com,NETWORK SOLUTIONS INC.
606,Washington Post,washingtonpost.com,NETWORK SOLUTIONS INC.
607,ADC Telecommunications,adc.com,NETWORK SOLUTIONS INC.
608,Constellation Brands,cbrands.com,NETWORK SOLUTIONS INC.
609,Bed Bath & Beyond,bedbathandbeyond.com,NETWORK SOLUTIONS INC.
610,Erie Insurance Group,erieinsurance.com,NETWORK SOLUTIONS INC.
611,Wendy's International,wendys.com,NETWORK SOLUTIONS INC.
612,Old Republic International,oldrepublic.com,NETWORK SOLUTIONS INC.
613,McCormick,mccormick.com,NETWORK SOLUTIONS INC.
614,OM Group,omgi.com,NETWORK SOLUTIONS INC.
615,Molex,molex.com,NETWORK SOLUTIONS INC.
616,Louisiana-Pacific,lpcorp.com,NETWORK SOLUTIONS INC.
617,Franklin Resources,frk.com,ALLDOMAINS.COM INC.
618,Ecolab,ecolab.com,NETWORK SOLUTIONS INC.
619,PNM Resources,pnm.com,NETWORK SOLUTIONS INC.
620,BorgWarner,bwauto.com,NETWORK SOLUTIONS INC.
621,Broadwing,broadwing.com,NETWORK SOLUTIONS INC.
622,L-3 Communications,L-3com.com,NETWORK SOLUTIONS INC.
623,Weatherford International,weatherford.com,NETWORK SOLUTIONS INC.
624,Precision Castparts,precast.com,NETWORK SOLUTIONS INC.
625,Convergys,convergys.com,BULKREGISTER.COM INC.
626,URS,urscorp.com,TUCOWS INC.
627,Pennzoil-Quaker State,pennzoil-quakerstate.com,NETWORK SOLUTIONS INC.
628,Value City,valuecity.com,NETWORK SOLUTIONS INC.
629,Bemis,bemis.com,NETWORK SOLUTIONS INC.
630,Kellwood,kellwood.com,REGISTER.COM INC.
631,Belk,belk.com,REGISTER.COM INC.
632,Analog Devices,analog.com,NETWORK SOLUTIONS INC.
633,Whole Foods Market,wholefoods.com,NETWORK SOLUTIONS INC.
634,Peoples Energy,pecorp.com,NETWORK SOLUTIONS INC.
635,Mail-Well,mail-well.com,NETWORK SOLUTIONS INC.
636,Republic Services,republicservices.com,NETWORK SOLUTIONS INC.
637,La-Z-Boy,lazboy.com,REGISTER.COM INC.
638,Ryerson Tull,ryersontull.com,NETWORK SOLUTIONS INC.
639,Chiquita Brands International,chiquita.com,NETWORK SOLUTIONS INC.
640,Consolidated Freightways,cf.com,ALLDOMAINS.COM INC.
641,Herman Miller,hermanmiller.com,NETWORK SOLUTIONS INC.
642,Budget Group,drivebudget.com,NETWORK SOLUTIONS INC.
643,BJ Services,bjservices.com,NETWORK SOLUTIONS INC.
644,Toll Brothers,tollbrothers.com,REGISTER.COM INC.
645,Polo Ralph Lauren,polo.com,NETWORK SOLUTIONS INC.
646,Nabors Industries,nabors.com,NETWORK SOLUTIONS INC.
647,MDU Resources Group,mdu.com,NETWORK SOLUTIONS INC.
648,Pilgrim's Pride,pilgrimspride.com,NETWORK SOLUTIONS INC.
649,Laboratory Corp. of America,labcorp.com,NETWORK SOLUTIONS INC.
650,Tellabs,tellabs.com,NETWORK SOLUTIONS INC.
651,Western Resources,wr.com,NETWORK SOLUTIONS INC.
652,Pep Boys-Manny Moe & Jack,pepboys.com,NETWORK SOLUTIONS INC.
653,Equity Residential Properties,equityapartments.com,NETWORK SOLUTIONS INC.
654,LandAmerica Financial Group,landam.com,NETWORK SOLUTIONS INC.
655,Vectren,vectren.com,NETWORK SOLUTIONS INC.
656,Cintas,cintas.com,NETWORK SOLUTIONS INC.
657,Omnicare,omnicare.com,NETWORK SOLUTIONS INC.
658,Maxxam,
659,Alaska Air Group,alaskaair.com,NETWORK SOLUTIONS INC.
660,American National Insurance,anico.com,NETWORK SOLUTIONS INC.
661,Allegheny Technologies,alleghenytechnologies.com,NETWORK SOLUTIONS INC.
662,Outback Steakhouse,outback.com,REGISTER.COM INC.
663,MDC Holdings,richmondamerican.com,NETWORK SOLUTIONS INC.
664,Sun Healthcare Group,sunh.com,NETWORK SOLUTIONS INC.
665,CenturyTel,centurytel.com,NETWORK SOLUTIONS INC.
666,National Semiconductor,national.com,NETWORK SOLUTIONS INC.
667,Swift Transportation,swifttrans.com,NETWORK SOLUTIONS INC.
668,CUNA Mutual Group,cunamutual.com,NETWORK SOLUTIONS INC.
669,Harsco,harsco.com,REGISTER.COM INC.
670,Hillenbrand Industries,hillenbrand.com,NETWORK SOLUTIONS INC.
671,Wyndham International,wyndham.com,NETWORK SOLUTIONS INC.
672,Kla-Tencor,kla-tencor.com,NETWORK SOLUTIONS INC.
673,MONY Group,mony.com,NETWORK SOLUTIONS INC.
674,National Fuel Gas,natfuel.com,NETWORK SOLUTIONS INC.
675,J.B. Hunt Transport Services,jbhunt.com,NETWORK SOLUTIONS INC.
676,Williams-Sonoma,williams-sonomainc.com,NETWORK SOLUTIONS INC.
677,Snap-On,snapon.com,NETWORK SOLUTIONS INC.
678,Mariner Post-Acute Network,marinerhealth.com,NETWORK SOLUTIONS INC.
679,Insight Enterprises,insight.com,NETWORK SOLUTIONS INC.
680,Nortek,nortek-inc.com,TUCOWS INC.
681,PeopleSoft,peoplesoft.com,NETWORK SOLUTIONS INC.
682,Synovus Financial Corp.,synovus.com,NETWORK SOLUTIONS INC.
683,Zale,zalecorp.com,NETWORK SOLUTIONS INC.
684,America West Holdings,americawest.com,NETWORK SOLUTIONS INC.
685,Affiliated Computer Services,acs-inc.com,NETWORK SOLUTIONS INC.
686,E*Trade Group,etrade.com,NETWORK SOLUTIONS INC.
687,Simon Property Group,shopsimon.com,CORE INTERNET COUNCIL OF REGISTRARS
688,New Jersey Resources,njresources.com,NETWORK SOLUTIONS INC.
689,Siebel Systems,siebel.com,NETWORK SOLUTIONS INC.
690,Storage Technology,storagetek.com,NETWORK SOLUTIONS INC.
691,Quanta Services,quantaservices.com,NETWORK SOLUTIONS INC.
692,Zions Bancorp.,zionsbancorporation.com,NETWORK SOLUTIONS INC.
693,Compuware,compuware.com,NETWORK SOLUTIONS INC.
694,RPM,rpminc.com,NETWORK SOLUTIONS INC.
695,Bell Microproducts,bellmicro.com,NETWORK SOLUTIONS INC.
696,General Cable Corporation,generalcable.com,NETWORK SOLUTIONS INC.
697,Volt Information Sciences,volt.com,NETWORK SOLUTIONS INC.
698,Metaldyne,metaldyne.com,NETWORK SOLUTIONS INC.
699,Charming Shoppes,charmingshoppes.com,NETWORK SOLUTIONS INC.
700,Weis Markets,weismarkets.com,NETWORK SOLUTIONS INC.
701,Dollar Tree Stores,dollartree.com,NETWORK SOLUTIONS INC.
702,Beckman Coulter,beckmancoulter.com,NETWORK SOLUTIONS INC.
703,Protective Life,protective.com,NETWORK SOLUTIONS INC.
704,CBRL Group,cbrlgroup.com,NETWORK SOLUTIONS INC.
705,Scholastic,scholastic.com,NETWORK SOLUTIONS INC.
706,Harris,harris.com,NETWORK SOLUTIONS INC.
707,Western Digital,westerndigital.com,NETWORK SOLUTIONS INC.
708,Ingles Markets,ingles-markets.com,NETWORK SOLUTIONS INC.
709,ABM Industries,abm.com,NETWORK SOLUTIONS INC.
710,W.R. Berkley,wrbc.com,NETWORK SOLUTIONS INC.
711,Silgan Holdings,silgan.com,NETWORK SOLUTIONS INC.
712,WGL Holdings,wglholdings.com,NETWORK SOLUTIONS INC.
713,TravelCenters of America,tatravelcenters.com,NETWORK SOLUTIONS INC.
714,Southern Union,southernunionco.com,NETWORK SOLUTIONS INC.
715,SunGard Data Systems,sungard.com,NETWORK SOLUTIONS INC.
716,Casey's General Stores,caseys.com,NETWORK SOLUTIONS INC.
717,Safeguard Scientifics,safeguard.com,NETWORK SOLUTIONS INC.
718,Brown-Forman,brown-forman.com,NETWORK SOLUTIONS INC.
719,CH2M Hill,ch2m.com,NETWORK SOLUTIONS INC.
720,Walter Industries,walterind.com,NETWORK SOLUTIONS INC.
721,Valspar,valspar.com,REGISTER.COM INC.
722,Flowserve,flowserve.com,NETWORK SOLUTIONS INC.
723,Teleflex,teleflex.com,NETWORK SOLUTIONS INC.
724,Trinity Industries,trin.net,NETWORK SOLUTIONS INC.
725,Ohio Casualty,ocas.com,NETWORK SOLUTIONS INC.
726,Compass Bancshares,compassweb.com,NETWORK SOLUTIONS INC.
727,Furniture Brands International,furniturebrands.com,NETWORK SOLUTIONS INC.
728,Fiserv,fiserv.com,NETWORK SOLUTIONS INC.
729,Sentry Insurance Group,sentry.com,1STDOMAIN.NET DIVISION OF G+D INTERNATIONAL LLC
730,DynCorp,dyncorp.com,NETWORK SOLUTIONS INC.
731,Frontier Oil,frontieroil.com,NETWORK SOLUTIONS INC.
732,Alpine Group,alpinegroup.com,NETWORK SOLUTIONS INC.
733,Corn Products International,cornproducts.com,NETWORK SOLUTIONS INC.
734,Health Management Associates,hma-corp.com,NETWORK SOLUTIONS INC.
735,Marsh Supermarkets,marsh.net,NETWORK SOLUTIONS INC.
736,Lithia Motors,lithia.com,NETWORK SOLUTIONS INC.
737,Magellan Health Services,magellanhealth.com,NETWORK SOLUTIONS INC.
738,Silicon Graphics,sgi.com,NETWORK SOLUTIONS INC.
739,Metris,metriscompanies.com,NETWORK SOLUTIONS INC.
740,Carlisle,carlisle.com,NETWORK SOLUTIONS INC.
741,Lubrizol,lubrizol.com,NETWORK SOLUTIONS INC.
742,Intl. Flavors & Fragrances,
743,Freeport-McMoRan Copper & Gold,fcx.com,NETWORK SOLUTIONS INC.
744,Jack in the Box,jackinthebox.com,NETWORK SOLUTIONS INC.
745,Worthington Industries,worthingtonindustries.com,NETWORK SOLUTIONS INC.
746,Brightpoint,brightpoint.com,INTERCOSMOS MEDIA GROUPINC
747,Linens'n Things,lnt.com,NETWORK SOLUTIONS INC.
748,Collins & Aikman,collinsaikman.com,NETWORK SOLUTIONS INC.
749,PSS World Medical,pssworldmedical.com,NETWORK SOLUTIONS INC.
750,Amerco,uhaul.com,REGISTER.COM INC.
751,Terex,terex.com,NETWORK SOLUTIONS INC.
752,McLeodUSA,mcleodusa.com,NETWORK SOLUTIONS INC.
753,Gold Kist,goldkist.com,NETWORK SOLUTIONS INC.
754,Rent A Center,rentacenter.com,NETWORK SOLUTIONS INC.
755,Kennametal,kennametal.com,NETWORK SOLUTIONS INC.
756,Mid Atlantic Medical Services,mamsi.com,NETWORK SOLUTIONS INC.
757,Beazer Homes USA,beazer.com,NETWORK SOLUTIONS INC.
758,Seaboard,seaboardcorp.com,NETWORK SOLUTIONS INC.
759,Minnesota Life Ins.,minnesotamutual.com,NETWORK SOLUTIONS INC.
760,Hon Industries,honi.com,NETWORK SOLUTIONS INC.
761,Packaging Corp. of America,packagingcorp.com,NETWORK SOLUTIONS INC.
762,LSI Logic,lsilogic.com,NETWORK SOLUTIONS INC.
763,Dow Jones,dowjones.com,NETWORK SOLUTIONS INC.
764,WestPoint Stevens,westpointstevens.com,DOMAINDISCOVER
765,Equitable Resources,eqt.com,NETWORK SOLUTIONS INC.
766,Diebold,diebold.com,NETWORK SOLUTIONS INC.
767,W.R. Grace,grace.com,NETWORK SOLUTIONS INC.
768,Brown Shoe,brownshoe.com,NETWORK SOLUTIONS INC.
769,Sequa,sequa.com,NETWORK SOLUTIONS INC.
770,Potlatch,potlatchcorp.com,NETWORK SOLUTIONS INC.
771,Scotts Company,scotts.com,REGISTER.COM INC.
772,National Oilwell,natoil.com,NETWORK SOLUTIONS INC.
773,Primedia,primediainc.com,REGISTER.COM INC.
774,Hovnanian Enterprises,khov.com,NETWORK SOLUTIONS INC.
775,Southern States Coop.,southernstates.com,NETWORK SOLUTIONS INC.
776,Paychex,paychex.com,NETWORK SOLUTIONS INC.
777,Hawaiian Electric Industries,hei.com,NETWORK SOLUTIONS INC.
778,Greenpoint Financial,greenpoint.com,REGISTER.COM INC.
779,Harman Intl. Industries,harman.com,NETWORK SOLUTIONS INC.
780,Bausch & Lomb,bausch.com,NETWORK SOLUTIONS INC.
781,Concord EFS,concordefs.com,NETWORK SOLUTIONS INC.
782,Cabot,cabot-corp.com,NETWORK SOLUTIONS INC.
783,Dial,dialcorp.com,ALLDOMAINS.COM INC.
784,Energizer Holdings,energizer.com,NETWORK SOLUTIONS INC.
785,Community Health Systems,chs.net,NETWORK SOLUTIONS INC.
786,Integrated Electrical Services,ielectric.com,NETWORK SOLUTIONS INC.
787,Wallace Computer Services,wallace.com,NETWORK SOLUTIONS INC.
788,Allergan,allergan.com,NETWORK SOLUTIONS INC.
789,Metals USA,metalsusa.com,NETWORK SOLUTIONS INC.
790,EGL,eagleusa.com,NETWORK SOLUTIONS INC.
791,Allete,allete.com,REGISTER.COM INC.
792,Reliance Steel & Aluminum,rsac.com,NETWORK SOLUTIONS INC.
793,DST Systems,dstsystems.com,NETWORK SOLUTIONS INC.
794,Viad,viad.com,NETWORK SOLUTIONS INC.
795,Xilinx,xilinx.com,NETWORK SOLUTIONS INC.
796,Raymond James Financial,rjf.com,ALLDOMAINS.COM INC.
797,Newmont Mining,newmont.com,NETWORK SOLUTIONS INC.
798,Vishay Intertechnology,vishay.com,NETWORK SOLUTIONS INC.
799,EOG Resources,eogresources.com,REGISTER.COM INC.
800,Expeditors Intl of Washington,expeditors.com,REGISTER.COM INC.
801,DaVita,davita.com,NETWORK SOLUTIONS INC.
802,D&K Healthcare Resources,dkwd.com,NETWORK SOLUTIONS INC.
803,Applera,applera.com,REGISTER.COM INC.
804,UST,ustinc.com,NETWORK SOLUTIONS INC.
805,Flowers Foods,flowersfoods.com,REGISTER.COM INC.
806,Airgas,airgas.com,TUCOWS INC.
807,Applied Industrial Technologies,appliedindustrial.com,NETWORK SOLUTIONS INC.
808,Quintiles Transnational,quintiles.com,NETWORK SOLUTIONS INC.
809,Tiffany & Co,tiffany.com,NETWORK SOLUTIONS INC.
810,Ciena,ciena.com,NETWORK SOLUTIONS INC.
811,PerkinElmer,perkinelmer.com,NETWORK SOLUTIONS INC.
812,Great Lakes Chemical,greatlakeschem.com,NETWORK SOLUTIONS INC.
813,Millennium Chemicals,millenniumchem.com,REGISTER.COM INC.
814,Crane,craneco.com,NETWORK SOLUTIONS INC.
815,StanCorp Financial,stancorpfinancial.com,NETWORK SOLUTIONS INC.
816,Maxim Integrated Products,maxim-ic.com,NETWORK SOLUTIONS INC.
817,Agway,agway.com,NETWORK SOLUTIONS INC.
818,Noble Affiliates,nobleaff.com,NETWORK SOLUTIONS INC.
819,Jo Ann Stores,joann.com,NETWORK SOLUTIONS INC.
820,Lands' End,landsend.com,NETWORK SOLUTIONS INC.
821,Cooper Cameron,coopercameron.com,NETWORK SOLUTIONS INC.
822,Black Hills,blackhillscorporation.com,REGISTER.COM INC.
823,Stilwell Financial,stilwellfinancial.com,NETWORK SOLUTIONS INC.
824,Perini,perini.com,NETWORK SOLUTIONS INC.
825,Thomas & Betts,tnb.com,NETWORK SOLUTIONS INC.
826,Imperial Sugar,imperialsugar.com,NETWORK SOLUTIONS INC.
827,MPS Group,mpsgroup.com,NETWORK SOLUTIONS INC.
828,Champion Enterprises,championhomes.net,NETWORK SOLUTIONS INC.
829,Granite,graniteconstruction.com,NETWORK SOLUTIONS INC.
830,National Commerce Financial,ncfcorp.com,NETWORK SOLUTIONS INC.
831,Systemax,systemax.com,NETWORK SOLUTIONS INC.
832,Comfort Systems USA,comfortsystemsusa.com,ALLDOMAINS.COM INC.
833,Greif Bros.,greif.com,NETWORK SOLUTIONS INC.
834,Astoria Financial,astoriafederal.com,NETWORK SOLUTIONS INC.
835,Shaw Group,shawgrp.com,NETWORK SOLUTIONS INC.
836,Di Giorgio,whiterose.com,NETWORK SOLUTIONS INC.
837,Equifax,equifax.com,NETWORK SOLUTIONS INC.
838,Legg Mason,leggmason.com,NETWORK SOLUTIONS INC.
839,ACT Manufacturing,actmfg.com,NETWORK SOLUTIONS INC.
840,Level 3 Communications,level3.com,NETWORK SOLUTIONS INC.
841,RGS Energy Group,rge.com,NETWORK SOLUTIONS INC.
842,Universal Forest Products,ufpi.com,NETWORK SOLUTIONS INC.
843,World Fuel Services,worldfuel.com,NETWORK SOLUTIONS INC.
844,Unova,unova.com,NETWORK SOLUTIONS INC.
845,Arkansas Best,arkbest.com,NETWORK SOLUTIONS INC.
846,GATX,gatx.com,NETWORK SOLUTIONS INC.
847,Lam Research,lamrc.com,NETWORK SOLUTIONS INC.
848,Amkor Technology,amkor.com,NETWORK SOLUTIONS INC.
849,Pride International,prideinternational.com,NETWORK SOLUTIONS INC.
850,Polaris Industries,polarisindustries.com,NETWORK SOLUTIONS INC.
851,Del Monte Foods,delmonte.com,NETWORK SOLUTIONS INC.
852,Mercury General,mercuryinsurance.com,NETWORK SOLUTIONS INC.
853,Martin Marietta Materials,martinmarietta.com,DOMAINDISCOVER
854,US Oncology,usoncology.com,NETWORK SOLUTIONS INC.
855,Banknorth Group,banknorth.com,NETWORK SOLUTIONS INC.
856,BMC Software,bmc.com,NETWORK SOLUTIONS INC.
857,Ferro,ferro.com,NETWORK SOLUTIONS INC.
858,Veritas Software,veritas.com,NETWORK SOLUTIONS INC.
859,Arch Coal,archcoal.com,REGISTER.COM INC.
860,CDI,cdicorp.com,DOTSTER INC.
861,GenCorp,gencorp.com,NETWORK SOLUTIONS INC.
862,Hibernia Corp.,hibernia.com,NETWORK SOLUTIONS INC.
863,Sierra Health Services,sierrahealth.com,NETWORK SOLUTIONS INC.
864,Atmel,atmel.com,NETWORK SOLUTIONS INC.
865,AIMCO,aimco.com,NETWORK SOLUTIONS INC.
866,Great Plains Energy,gpenergy.com,NETWORK SOLUTIONS INC.
867,E.W. Scripps,scripps.com,NETWORK SOLUTIONS INC.
868,Banta,banta.com,NETWORK SOLUTIONS INC.
869,Symbol Technologies,symbol.com,NETWORK SOLUTIONS INC.
870,TMP Worldwide,tmp.com,NETWORK SOLUTIONS INC.
871,Oshkosh Truck,oshkoshtruck.com,NETWORK SOLUTIONS INC.
872,Unisource Energy,unisourceenergy.com,NETWORK SOLUTIONS INC.
873,Atmos Energy,atmosenergy.com,NETWORK SOLUTIONS INC.
874,Rock-Tenn,rocktenn.com,NETWORK SOLUTIONS INC.
875,Teradyne,teradyne.com,NETWORK SOLUTIONS INC.
876,Questar,questarcorp.com,NETWORK SOLUTIONS INC.
877,American Water Works,amwater.com,NETWORK SOLUTIONS INC.
878,CSK Auto,cskauto.com,NETWORK SOLUTIONS INC.
879,CKE Restaurants,ckr.com,NETWORK SOLUTIONS INC.
880,American Power Conversion,apcc.com,NETWORK SOLUTIONS INC.
881,Phillips-Van Heusen,pvh.com,NETWORK SOLUTIONS INC.
882,Cadence Design Systems,cadence.com,NETWORK SOLUTIONS INC.
883,Sports Authority,sportsauthority.com,NETWORK SOLUTIONS INC.
884,Pier 1 Imports,pier1.com,NETWORK SOLUTIONS INC.
885,Fairchild Semiconductor Intl.,fairchildsemi.com,NETWORK SOLUTIONS INC.
886,Kemet,kemet.com,NETWORK SOLUTIONS INC.
887,Burlington Industries,burlington.com,NETWORK SOLUTIONS INC.
888,Dreyer's Grand Ice Cream,dreyersinc.com,NETWORK SOLUTIONS INC.
889,Dimon,dimon.com,NETWORK SOLUTIONS INC.
890,Stewart & Stevenson Services,ssss.com,NETWORK SOLUTIONS INC.
891,Tecumseh Products,tecumseh.com,NETWORK SOLUTIONS INC.
892,Markel,markelcorp.com,NETWORK SOLUTIONS INC.
893,Southwest Gas,swgas.com,NETWORK SOLUTIONS INC.
894,Landstar System,landstar.com,NETWORK SOLUTIONS INC.
895,Advantica,advantica-dine.com,NETWORK SOLUTIONS INC.
896,National Rural Utilities Cooperative,nrucfc.org,NETWORK SOLUTIONS INC.
897,Trans World Entertainment,twec.com,NETWORK SOLUTIONS INC.
898,Metro-Goldwyn-Mayer,mgm.com,NETWORK SOLUTIONS INC.
899,Cytec Industries,cytec.com,NETWORK SOLUTIONS INC.
900,Standard Pacific,standardpacifichomes.com,NETWORK SOLUTIONS INC.
901,Hollywood Entertainment,hollywoodvideo.com,NETWORK SOLUTIONS INC.
902,Gentiva Health Services,gentiva.com,NETWORK SOLUTIONS INC.
903,American Eagle Outfitters,ae.com,NETWORK SOLUTIONS INC.
904,OneAmerica Financial,aul.com,NETWORK SOLUTIONS INC.
905,Nvidia,nvidia.com,NETWORK SOLUTIONS INC.
906,Gemstar-TV Guide International,gemstartvguide.com,DOTSTER INC.
907,Acterna,acterna.com,REGISTER.COM INC.
908,Abercrombie & Fitch,abercrombie.com,NETWORK SOLUTIONS INC.
909,Belo,belo.com,NETWORK SOLUTIONS INC.
910,MGIC Investment,mgic.com,NETWORK SOLUTIONS INC.
911,Toro,toro.com,NETWORK SOLUTIONS INC.
912,Knights of Columbus,kofc.org,NETWORK SOLUTIONS INC.
913,St. Jude Medical,sjm.com,NETWORK SOLUTIONS INC.
914,Novellus Systems,novellus.com,NETWORK SOLUTIONS INC.
915,Pro-Fac Cooperative,agrilinkfoods.com,NETWORK SOLUTIONS INC.
916,Provident Financial Group,providentbank.com,NETWORK SOLUTIONS INC.
917,IMS Health,imshealth.com,NETWORK SOLUTIONS INC.
918,Gentek,gentek-global.com,NETWORK SOLUTIONS INC.
919,IT Group,theitgroup.com,NETWORK SOLUTIONS INC.
920,Carpenter Technology,cartech.com,NETWORK SOLUTIONS INC.
921,Electronic Arts,ea.com,NETWORK SOLUTIONS INC.
922,Revlon,revlon.com,BULKREGISTER.COM INC.
923,Stein Mart,steinmart.com,NETWORK SOLUTIONS INC.
924,Hub Group,hubgroup.com,NETWORK SOLUTIONS INC.
925,United Defense Industries,uniteddefense.com,NETWORK SOLUTIONS INC.
926,Briggs & Stratton,briggsandstratton.com,NETWORK SOLUTIONS INC.
927,Hubbell,hubbell.com,NETWORK SOLUTIONS INC.
928,Regis,regiscorp.com,NETWORK SOLUTIONS INC.
929,Dun & Bradstreet,dnb.com,NETWORK SOLUTIONS INC.
930,Petco Animal Supplies,petco.com,NETWORK SOLUTIONS INC.
931,Federated Mutual Insurance,federatedinsurance.com,NETWORK SOLUTIONS INC.
932,AnnTaylor,anntaylor.com,NETWORK SOLUTIONS INC.
933,First National of Nebraska,firstnational.com,INTERCOSMOS MEDIA GROUPINC
934,DQE,dqe.com,NETWORK SOLUTIONS INC.
935,Pacific Century Financial,boh.com,NETWORK SOLUTIONS INC.
936,Deluxe,dlx.com,NETWORK SOLUTIONS INC.
937,Benchmark Electronics,bench.com,NETWORK SOLUTIONS INC.
938,Amtran,ata.com,NETWORK SOLUTIONS INC.
939,H.B. Fuller,hbfuller.com,NETWORK SOLUTIONS INC.
940,Men's Wearhouse,menswearhouse.com,NETWORK SOLUTIONS INC.
941,Stewart Information Services,stewart.com,NETWORK SOLUTIONS INC.
942,Olin,olin.com,MELBOURNE IT LTD. D/B/A INTERNET NAMES WORLDWIDE
943,Werner Enterprises,werner.com,NETWORK SOLUTIONS INC.
944,Comverse Technology,cmvt.com,DOMAIN BANK INC.
945,Varco International,varco.com,NETWORK SOLUTIONS INC.
946,Audiovox,audiovox.com,NETWORK SOLUTIONS INC.
947,Amica Mutual Insurance,amica.com,NETWORK SOLUTIONS INC.
948,Milacron,milacron.com,NETWORK SOLUTIONS INC.
949,Intuit,intuit.com,NETWORK SOLUTIONS INC.
950,Kimball International,kimball.com,NETWORK SOLUTIONS INC.
951,XO Communications,xo.com,NETWORK SOLUTIONS INC.
952,Domino's,dominos.com,REGISTER.COM INC.
953,Ocean Energy,oceanenergy.com,NETWORK SOLUTIONS INC.
954,Massey Energy,masseyenergyco.com,NETWORK SOLUTIONS INC.
955,Texas Industries,txi.com,NETWORK SOLUTIONS INC.
956,Riverwood Holding,riverwood.com,NETWORK SOLUTIONS INC.
957,EarthLink,earthlink.net,REGISTER.COM INC.
958,Ceridian,ceridian.com,NETWORK SOLUTIONS INC.
959,Union Central Life,unioncentral.com,NETWORK SOLUTIONS INC.
960,Phar-Mor,pharmor.com,NETWORK SOLUTIONS INC.
961,Watsco,watsco.com,NETWORK SOLUTIONS INC.
962,Foamex International,foamex.com,NETWORK SOLUTIONS INC.
963,CMGI,cmgi.com,NETWORK SOLUTIONS INC.
964,Pall,pall.com,NETWORK SOLUTIONS INC.
965,Harleysville Mutual Insurance,harleysvillegroup.com,NETWORK SOLUTIONS INC.
966,Tektronix,tek.com,NETWORK SOLUTIONS INC.
967,Oglethorpe Power,opc.com,NETWORK SOLUTIONS INC.
968,IDT,idt.net,NETWORK SOLUTIONS INC.
969,Adobe Systems,adobe.com,NAMEENGINE INC.
970,Alleghany,
971,Genzyme,genzyme.com,NETWORK SOLUTIONS INC.
972,MasTec,mastec.com,NETWORK SOLUTIONS INC.
973,Genuity,genuity.com,NETWORK SOLUTIONS INC.
974,North Fork Bancorp.,northforkbank.com,NETWORK SOLUTIONS INC.
975,Grey Global,greyglobalgroup.com,NETWORK SOLUTIONS INC.
976,Ivax,ivax.com,NETWORK SOLUTIONS INC.
977,AMC Entertainment,amctheatres.com,NETWORK SOLUTIONS INC.
978,On Semiconductor,onsemi.com,NETWORK SOLUTIONS INC.
979,Software Spectrum,softwarespectrum.com,NETWORK SOLUTIONS INC.
980,Viasystems Group,viasystems.com,NETWORK SOLUTIONS INC.
981,Georgia Gulf,ggc.com,NETWORK SOLUTIONS INC.
982,Forest Laboratories,frx.com,REGISTER.COM INC.
983,Perot Systems,perotsystems.com,NETWORK SOLUTIONS INC.
984,Trump Hotels & Casino Resorts,trump.com,NETWORK SOLUTIONS INC.
985,FelCor Lodging,felcor.com,NETWORK SOLUTIONS INC.
986,DPL,dplinc.com,NETWORK SOLUTIONS INC.
987,International Game Technology,igt.com,NETWORK SOLUTIONS INC.
988,Blyth,blythinc.com,NETWORK SOLUTIONS INC.
989,TCF Financial Corp.,tcfbank.com,NETWORK SOLUTIONS INC.
990,Sealy,sealy.com,NETWORK SOLUTIONS INC.
991,Standard Register,stdreg.com,NETWORK SOLUTIONS INC.
992,eMerge Interactive,emergeinteractive.com,NETWORK SOLUTIONS INC.
993,Handleman,handleman.com,NETWORK SOLUTIONS INC.
994,Goody's Family Clothing,goodysonline.com,NETWORK SOLUTIONS INC.
995,Alexander & Baldwin,alexanderbaldwin.com,NETWORK SOLUTIONS INC.
996,Daisytek International,daisytek.com,NETWORK SOLUTIONS INC.
997,Timberland,timberland.com,EMARKMONITOR INC. DBA MARKMONITOR
998,American Management Systems,ams.com,REGISTER.COM INC.
999,C.R. Bard,crbard.com,NETWORK SOLUTIONS INC.
1000,PC Connection,pcconnection.com,NETWORK SOLUTIONS INC.